headline,date,source,content,url,ticker,clean_headline,clean_content
"Market Chatter: JPMorgan Chase, Other Major Banks Seek to Offload Risks Tied to Data Centers Amid AI Strain",2026-05-04,Yahoo Finance,"JPMorgan Chase (JPM), Morgan Stanley (MS), SMBC and MUFG (MUFC) are exploring ways to distribute dat",https://finance.yahoo.com/markets/stocks/articles/market-chatter-jpmorgan-chase-other-091243654.html?.tsrc=rss,JPM,market chatter jpmorgan chase major banks seek offload risks tied data centers amid ai strain,jpmorgan chase jpm morgan stanley ms smbc mufg mufc exploring ways distribute dat
"What does BJP's likely win in West Bengal mean for stock markets? This could add 50 bps to GDP, says Sunil Singhania",2026-05-04,Moneycontrol,"A BJP win in West Bengal could support economic activity in the state through policy alignment with the Centre and potential investment flows, believe analysts.",https://www.moneycontrol.com/news/business/markets/what-does-bjp-s-likely-win-in-west-bengal-mean-for-stock-markets-regime-change-could-add-50-bps-to-gdp-says-sunil-singhania-13907390.html,JPM,bjp likely win west bengal mean stock markets could add bps gdp says sunil singhania,bjp win west bengal could support economic activity state policy alignment centre potential investment flows believe analysts
"Bank, insurance regulators not inclined to allow commodity derivative investments: SEBI",2026-05-04,Economic Times,"India's markets regulator, SEBI, will not permit banks and insurance companies to invest in commodity derivatives, according to its chairman. While SEBI had previously explored enabling pension funds to trade commodities, a decision remains undisclosed. The announcement led to a decline in Multi Commodity Exchange of India shares.",https://economictimes.indiatimes.com/markets/stocks/news/bank-insurance-regulators-not-inclined-to-allow-commodity-derivative-investments-sebi/articleshow/130760351.cms,JPM,bank insurance regulators not inclined allow commodity derivative investments sebi,india markets regulator sebi not permit banks insurance companies invest commodity derivatives according chairman sebi previously explored enabling pension funds trade commodities decision remains undisclosed announcement led decline multi commodity exchange india shares
Tamil Nadu election impact: Sun TV Network shares plunge 10% as Vijay’s TVK heads for big upset,2026-05-04,Economic Times,"Actor-turned-politician C Joseph Vijay's Tamilaga Vettri Kazhagam (TVK) is poised to disrupt Tamil Nadu's long-standing Dravidian party dominance, leading in 108 seats. This unexpected surge has sent shockwaves through the political landscape, impacting established players like the DMK and AIADMK. Sun TV Network shares saw a significant dip amid these electoral trends.",https://economictimes.indiatimes.com/markets/stocks/news/tamil-nadu-election-impact-sun-tv-network-shares-plunge-10-as-vijays-tvk-heads-for-big-upset/articleshow/130755787.cms,JPM,tamil nadu election impact sun tv network shares plunge vijay tvk heads big upset,actor turned politician joseph vijay tamilaga vettri kazhagam tvk poised disrupt tamil nadu long standing dravidian party dominance leading seats unexpected surge sent shockwaves political landscape impacting established players like dmk aiadmk sun tv network shares saw significant dip amid electoral trends
"Vedanta shares jump 8% after demerger. Should buy, sell or hold the stock?",2026-05-04,Economic Times,"Vedanta share price surged 8% after its demerger into four entities, with analysts highlighting improved business focus but increased concentration risks. Brokerages remain optimistic on upside potential, supported by strong Q4 earnings, while advising caution for new investors amid ongoing price discovery and evolving valuations of the separated businesses.",https://economictimes.indiatimes.com/markets/stocks/news/vedanta-shares-jump-5-after-demerger-should-buy-sell-or-hold-the-stock/articleshow/130752532.cms,JPM,vedanta shares jump demerger buy sell hold stock,vedanta share price surged demerger four entities analysts highlighting improved business focus increased concentration risks brokerages remain optimistic upside potential supported strong earnings advising caution new investors amid ongoing price discovery evolving valuations separated businesses
"Senco Gold, CESC, Emami, others: West Bengal-based stocks rise up to 10% as BJP eyes historic win",2026-05-04,Moneycontrol,"Abhijit Roy, MD & CEO, Berger Paints told CNBC-TV18, 'Expect more development and economic progress in West Bengal going forward. Hopeful that economic conditions in West Bengal will improve'",https://www.moneycontrol.com/news/business/markets/senco-gold-cesc-emami-others-west-bengal-based-stocks-rise-up-to-10-as-bjp-eyes-historic-win-13907915.html,JPM,senco gold cesc emami others west bengal based stocks rise up bjp eyes historic win,abhijit roy md ceo berger paints told cnbc tv expect development economic progress west bengal going forward hopeful economic conditions west bengal improve
"SEBI chief says CKYC 2.0 to launch in July, unified KYC critical for financial sector",2026-05-04,Moneycontrol,"SEBI chief Tuhin Kanta Pandey said creating a unified KYC system is a top priority, with C-KYC 2.0 launching by July.",https://www.moneycontrol.com/news/business/markets/sebi-chief-says-ckyc-2-0-to-launch-in-july-unified-kyc-critical-for-financial-sector-13907711.html,JPM,sebi chief says ckyc launch july unified kyc critical financial sector,sebi chief tuhin kanta pandey said creating unified kyc system top priority kyc launching july
Ambuja Cements Q4 consol net profit falls to Rs 569 cr after adjusting for one-offs; revenue hits record high,2026-05-04,Moneycontrol,"Ambuja Cements Q4 PAT fell to Rs 569 crore from Rs 856 crore YoY, while quarterly revenue hit a record Rs 10,915 crore, up 9 percent YoY. EBITDA margins dropped to 13.4 percent due to higher costs.",https://www.moneycontrol.com/news/business/earnings/ambuja-cements-q4-net-profit-jumps-nearly-3x-yoy-to-rs-1-644-crore-on-tax-credit-margins-contract-sharply-13907682.html,JPM,ambuja cements consol net profit falls rs cr adjusting one offs revenue hits record high,ambuja cements pat fell rs crore rs crore yoy quarterly revenue hit record rs crore up percent yoy ebitda margins dropped percent due higher costs
"JSPL shares rise 3% as firm turns profitable in Q4, analysts see up to 11% upside",2026-05-04,Moneycontrol,"JSPL reported a consolidated net profit of Rs 1,041 crore for the quarter ended March 2026, aided by higher revenues driven by record sales. It had posted a net loss of Rs 304 crore in the corresponding quarter of the previous fiscal.",https://www.moneycontrol.com/news/business/markets/jspl-shares-rise-3-as-firm-turns-profitable-in-q4-analysts-see-up-to-11-upside-13907627.html,JPM,jspl shares rise firm turns profitable analysts see up upside,jspl reported consolidated net profit rs crore quarter ended march aided higher revenues driven record sales posted net loss rs crore corresponding quarter previous fiscal
"Kotak Mahindra Bank Q4 FY26: Steady show, valuation turning reasonable",2026-05-04,Moneycontrol,Stable performance and improving asset quality set the stage for a valuation re-rating,https://www.moneycontrol.com/news/business/moneycontrol-research/kotak-mahindra-bank-q4-fy26-steady-show-valuation-turning-reasonable-13907547.html,JPM,kotak mahindra bank fy steady show valuation turning reasonable,stable performance improving asset quality set stage valuation rating
"RBI, IRDAI reluctant to allow banks and insurers into commodity derivatives, says SEBI chief",2026-05-04,Moneycontrol,"RBI, IRDAI say ‘not the right time’ for banks, insurers in commodity derivatives, leading the SEBI chief said the markets regulator will not pursue the matter further with the other regulators.",https://www.moneycontrol.com/news/business/markets/rbi-irdai-reluctant-to-allow-banks-and-insurers-into-commodity-derivatives-says-sebi-chief-13907503.html,JPM,rbi irdai reluctant allow banks insurers commodity derivatives says sebi chief,rbi irdai say not right time banks insurers commodity derivatives leading sebi chief said markets regulator not pursue matter regulators
"SEBI says RBI, IRDAI not in favour to allow commodity derivative investments; MCX shares fall up to 3.5%",2026-05-04,Moneycontrol,"RBI and IRDAI are not in favor for banks and insurance companies participating in commodity derivatives, said SEBI chief Tuhin Kanta Pandey",https://www.moneycontrol.com/news/business/markets/sebi-says-rbi-irdai-not-in-favour-to-allow-commodity-derivative-investments-mcx-shares-fall-up-to-3-5-13907508.html,JPM,sebi says rbi irdai not favour allow commodity derivative investments mcx shares fall up,rbi irdai not favor banks insurance companies participating commodity derivatives said sebi chief tuhin kanta pandey
"Godrej Properties stock pares gain to 2% after Q4 results-driven spike; profit jumps 70%, margins expand",2026-05-04,Moneycontrol,The rise in Godrej Properties stock today comes after a sharp improvement in operating performance during the January-March quarter.,https://www.moneycontrol.com/news/business/stocks/godrej-properties-stock-pares-gain-to-2-after-q4-results-driven-spike-profit-jumps-70-margins-expand-13907485.html,JPM,godrej properties stock pares gain results driven spike profit jumps margins expand,rise godrej properties stock today comes sharp improvement operating performance january march quarter
Ruchir Sharma: How America’s retail army came to rule the stock market,2026-05-04,Moneycontrol,"Unbowed by the Iran war and other shocks, individual investors are buying their way to new heights of influence",https://www.moneycontrol.com/news/opinion/ruchir-sharma-how-america-s-retail-army-came-to-rule-the-stock-market-13907489.html,JPM,ruchir sharma america retail army came rule stock market,unbowed iran war shocks individual investors buying way new heights influence
How The SPIE (ENXTPA:SPIE) Investment Story Is Evolving With Fresh Targets And New Guidance,2026-05-04,Yahoo Finance,"SPIE’s central fair value moves from €53.45 to €55.59, setting a fresh reference point for how analysts frame the stock. Recent commentary highlights both supportive and cautious readings of earlier target lifts, from the €8 increase at JPMorgan to smaller steps such as €49.50 to €51, which together shape a more finely tuned risk reward story. Read on to see how these evolving price targets and the debate around them can help you track the next turns in the SPIE narrative. Stay updated as the...",https://finance.yahoo.com/markets/stocks/articles/spie-enxtpa-spie-investment-story-080850239.html?.tsrc=rss,JPM,spie enxtpa spie investment story evolving fresh targets new guidance,spie central fair value moves setting fresh reference point analysts frame stock recent commentary highlights supportive cautious readings earlier target lifts increase jpmorgan smaller steps together shape finely tuned risk reward story read see evolving price targets debate around help track next turns spie narrative stay updated
"BHEL stock hits upper circuit, jumps 10% after Q4 profit more than doubles, beats estimates",2026-05-04,Moneycontrol,"State-run engineering major BHEL reported a net profit of Rs 1,283 crore for the quarter. Profit more than doubled from Rs 504 crore in the year-ago period.",https://www.moneycontrol.com/news/business/stocks/bhel-stock-hits-upper-circuit-jumps-10-after-q4-profit-more-than-doubles-beats-estimates-13907394.html,JPM,bhel stock hits upper circuit jumps profit doubles beats estimates,state run engineering major bhel reported net profit rs crore quarter profit doubled rs crore year ago period
"BHEL shares soar 13% after Q4 net profit rockets 156% YoY to Rs 1,290 crore, revenue up 37%",2026-05-04,Economic Times,"BHEL Share Price: Bharat Heavy Electricals Ltd (BHEL) shares surged over 13% after reporting a robust March quarter with a 156% jump in net profit to Rs 1,290.50 crore. Revenue from operations also saw a significant 37% increase. The company also recommended a final dividend of Rs 1.40 per share for FY26.",https://economictimes.indiatimes.com/markets/stocks/news/bhel-shares-soar-13-after-q4-net-profit-rockets-156-yoy-to-rs-1290-crore-revenue-up-37/articleshow/130762670.cms,JPM,bhel shares soar net profit rockets yoy rs crore revenue up,bhel share price bharat heavy electricals ltd bhel shares surged reporting robust march quarter jump net profit rs crore revenue operations also saw significant increase company also recommended final dividend rs per share fy
"Adani Ports stock jumps 5% after Q4 results, cargo volume update; brokerages bullish on strong growth outlook",2026-05-04,Moneycontrol,"Brokerages remained bullish on Adani Ports and SEZ stock following the results, citing strong operating performance and visibility on long-term growth.",https://www.moneycontrol.com/news/business/stocks/adani-ports-stock-jumps-5-after-q4-results-cargo-volume-update-brokerages-bullish-on-strong-growth-outlook-13907371.html,JPM,adani ports stock jumps results cargo volume update brokerages bullish strong growth outlook,brokerages remained bullish adani ports sez stock following results citing strong operating performance visibility long term growth
MAS Financial Q4 FY26: A rare combination of growth with quality,2026-05-04,Moneycontrol,"Strong disbursement momentum and improving asset quality position the company for steady, margin-led growth despite rising scale",https://www.moneycontrol.com/news/business/moneycontrol-research/mas-financial-q4-fy26-a-rare-combination-of-growth-with-quality-13907320.html,JPM,mas financial fy rare combination growth quality,strong disbursement momentum improving asset quality position company steady margin led growth despite rising scale
Sun TV stock falls 8% to emerge as top mid-cap loser amid Vijay-led TVK's massive gains in Tamil Nadu: Here's why,2026-05-04,Moneycontrol,"New entrant TVK, led by actor-politician Vijay, was leading in as many as 98 constituencies on Monday when counting of votes polled in the April 23 Assembly polls was on across Tamil Nadu",https://www.moneycontrol.com/news/business/markets/sun-tv-stock-falls-8-to-emerge-as-top-mid-cap-loser-amid-vijay-led-tvk-s-massive-gain-in-tamil-nadu-here-s-why-13907336.html,JPM,sun tv stock falls emerge top mid cap loser amid vijay led tvk massive gains tamil nadu,new entrant tvk led actor politician vijay leading many constituencies monday counting votes polled april assembly polls across tamil nadu
"Adani Enterprises stock rises over 3% intraday after Q4; Jefferies raises target price, notes EBITDA growth",2026-05-04,Moneycontrol,"Jefferies maintained a 'buy' call on Adani Enterprises stock, while raising its target price. The brokerage noted that Adani Enterprises management expects a strong ramp-up in EBITDA from FY27.",https://www.moneycontrol.com/news/business/stocks/adani-enterprises-stock-rises-over-3-intraday-after-q4-jefferies-raises-target-price-notes-ebitda-growth-13907290.html,JPM,adani enterprises stock rises intraday jefferies raises target price notes ebitda growth,jefferies maintained buy call adani enterprises stock raising target price brokerage noted adani enterprises management expects strong ramp up ebitda fy
"Sensex falls 650 pts from day's high, Nifty near 24,100: Profit booking, other reasons behind sharp market decline",2026-05-04,Moneycontrol,"Sensex, Nifty pared early gains as investors locked in profits after the benchmarks rose more than 1 percent in early trade.",https://www.moneycontrol.com/news/business/markets/sensex-declines-400-pts-from-day-s-high-nifty-near-24-150-3-key-reasons-behind-market-paring-gains-13907292.html,JPM,sensex falls pts day high nifty near profit booking reasons behind sharp market decline,sensex nifty pared early gains investors locked profits benchmarks rose percent early trade
"Bonds yields cool, slip below 7% on oil relief",2026-05-04,Moneycontrol,The benchmark 10-year bond yield was trading at 6.9% on May 4,https://www.moneycontrol.com/news/business/markets/bonds-yields-cool-slip-below-7-on-oil-relief-13907246.html,JPM,bonds yields cool slip oil relief,benchmark year bond yield trading may
Baazar Style Retail shares rise 8% amid early lead for BJP in West Bengal: Here's why,2026-05-04,Moneycontrol,"BJP's key pledges for Bengal include a monthly Rs 3,000 direct benefit transfer for women and unemployed youth, and the 7th Pay Commission for state employees",https://www.moneycontrol.com/news/business/markets/baazar-style-retail-shares-rise-8-amid-early-lead-for-bjp-in-west-bengal-here-s-why-13907275.html,JPM,baazar style retail shares rise amid early lead bjp west bengal,bjp key pledges bengal include monthly rs direct benefit transfer women unemployed youth th pay commission state employees
Vedanta shares rebound 6% today after ex-demerger drop; stock recovers post-adjustment losses,2026-05-04,Moneycontrol,The recovery in Vedanta’s share price today comes after a phase of profit-booking and technical adjustments ahead of the demerger record date.,https://www.moneycontrol.com/news/business/stocks/vedanta-shares-rebound-6-today-after-ex-demerger-drop-stock-recovers-post-adjustment-losses-13907274.html,JPM,vedanta shares rebound today ex demerger drop stock recovers post adjustment losses,recovery vedanta share price today comes phase profit booking technical adjustments ahead demerger record date
"DMart shares fall over 3% after Q4 profit misses estimates, even as brokerages bullish on strong topline growth",2026-05-04,Moneycontrol,"Brokerages largely acknowledged the strength in DMart's operating metrics and growth trajectory, even as the Q4 financial results remained mixed.",https://www.moneycontrol.com/news/business/stocks/dmart-shares-fall-over-3-after-q4-profit-misses-estimates-even-as-brokerages-bullish-on-strong-topline-growth-13907234.html,JPM,dmart shares fall profit misses estimates even brokerages bullish strong topline growth,brokerages largely acknowledged strength dmart operating metrics growth trajectory even financial results remained mixed
"Momentum Stocks: Dr Lal PathLabs, JHS Svendgaard, Dar Credit rally on sheer momentum",2026-05-04,Moneycontrol,"A few stocks saw sharp intraday moves and hit upper circuits. California Software, Omax Autos, Axiscades Technologies, Sterlite Technologies, DCM Shriram Fin were locked in the upper band, reflecting strong demand and limited supply—often a sign of bullish near-term sentiment.",https://www.moneycontrol.com/news/business/stocks/momentum-stocks-dr-lal-pathlabs-jhs-svendgaard-dar-credit-rally-on-sheer-momentum-13907226.html,JPM,momentum stocks dr lal pathlabs jhs svendgaard dar credit rally sheer momentum,stocks saw sharp intraday moves hit upper circuits california software omax autos axiscades technologies sterlite technologies dcm shriram fin locked upper band reflecting strong demand limited supply often sign bullish near term sentiment
Vodafone Idea shares rise 4.5% as govt trims telco's AGR dues by 27%,2026-05-04,Moneycontrol,"DoT has slashed AGR liability on debt-ridden Vodafone Idea by about 27% to Rs 64,046 crore after reassessment of statutory dues",https://www.moneycontrol.com/news/business/markets/vodafone-idea-shares-rise-4-5-as-govt-trims-telco-s-agr-dues-by-27-13907244.html,JPM,vodafone idea shares rise govt trims telco agr dues,dot slashed agr liability debt ridden vodafone idea rs crore reassessment statutory dues
"Sensex gains 350 pts, Nifty above 24,100: BJP's poll show among key factors behind market rise",2026-05-04,Moneycontrol,"Sensex, Nifty rose as auto shares led the gains on strong monthly sales data.",https://www.moneycontrol.com/news/business/markets/sensex-rises-900-pts-nifty-above-24-250-bjp-s-early-poll-show-among-key-factors-behind-market-rally-13907207.html,JPM,sensex gains pts nifty bjp poll show among key factors behind market rise,sensex nifty rose auto shares led gains strong monthly sales data
"Rupee opens 4 paise lower at 94.95 against the dollar, Brent still a worry",2026-05-04,Moneycontrol,The rupee had fallen to an all-time low of 95.33 on April 30 after Brent crude rose to $120 a barrel,https://www.moneycontrol.com/news/business/markets/rupee-opens-four-paise-lower-at-rs-94-95-against-the-dollar-brent-still-a-worry-13907209.html,JPM,rupee opens paise lower dollar brent still worry,rupee fallen time low april brent crude rose barrel
"Adani Power, Ports & Enterprises: Why Jefferies just raised their target prices on 3 Adani group stocks",2026-05-04,Economic Times,"Jefferies has raised target prices on Adani Power, Adani Ports and Adani Enterprises, maintaining ‘Buy’ ratings on strong operational performance, capacity expansions and improving realisations. Adani Ports saw EBITDA beat estimates, supported by higher domestic port realisations and upcoming capacity additions. The brokerage expects steady volume growth and strong EBITDA momentum across the Adani group.",https://economictimes.indiatimes.com/markets/stocks/news/adani-power-ports-enterprises-why-jefferies-just-raised-their-target-prices-on-3-adani-group-stocks/articleshow/130762556.cms,JPM,adani power ports enterprises jefferies raised target prices adani group stocks,jefferies raised target prices adani power adani ports adani enterprises maintaining buy ratings strong operational performance capacity expansions improving realisations adani ports saw ebitda beat estimates supported higher domestic port realisations upcoming capacity additions brokerage expects steady volume growth strong ebitda momentum across adani group
"LSG owner RPSG Ventures' shares rise 5% as Lakshmi Mittal, Poonawalla-led group to buy Rajasthan Royals for Rs 15,600 cr",2026-05-04,Moneycontrol,"The RPSG group acquired the Lucknow franchise for Rs 7,090 crore in November 2021. The franchise is held through RPSG Sports Private Limited",https://www.moneycontrol.com/news/business/markets/lsg-owner-s-shares-rise-5-as-lakshmi-mittal-poonawalla-led-group-to-buy-rajasthan-royals-for-rs-15-600-crore-13907419.html,JPM,lsg owner rpsg ventures shares rise lakshmi mittal poonawalla led group buy rajasthan royals rs cr,rpsg group acquired lucknow franchise rs crore november franchise held rpsg sports private limited
M&M Q4 preview: PAT to rise up to 48% YoY amid sequential setback; revenue to grow up to 24% on strong volumes,2026-05-04,Economic Times,"Mahindra & Mahindra is expected to post strong YoY growth in Q4FY25, with PAT rising up to 48% and revenue growing up to 24% on robust volumes. However, margin pressures and sequential decline in profitability remain concerns, as rising costs and EV mix weigh on performance across brokerages’ estimates.",https://economictimes.indiatimes.com/markets/stocks/news/mm-q4-preview-pat-to-rise-up-to-48-yoy-amid-sequential-setback-revenue-to-grow-up-to-24-on-strong-volumes/articleshow/130765565.cms,JPM,preview pat rise up yoy amid sequential setback revenue grow up strong volumes,mahindra mahindra expected post strong yoy growth fy pat rising up revenue growing up robust volumes however margin pressures sequential decline profitability remain concerns rising costs ev mix weigh performance across brokerages estimates
"Maruti Suzuki, Bajaj Auto, other auto stocks jump up to 5% after strong April sales",2026-05-04,Economic Times,"Shares of automakers like Maruti Suzuki and Bajaj Auto rose after strong April sales data lifted sentiment. The gains pushed the Nifty Auto index over 1% higher, led by robust performance from key players.",https://economictimes.indiatimes.com/markets/stocks/news/maruti-suzuki-bajaj-auto-other-auto-stocks-jump-up-to-5-after-strong-april-sales/articleshow/130770166.cms,JPM,maruti suzuki bajaj auto auto stocks jump up strong april sales,shares automakers like maruti suzuki bajaj auto rose strong april sales data lifted sentiment gains pushed nifty auto index higher led robust performance key players
Valor Estate shares locked in 20% upper circuit. What’s behind the sharp surge today?,2026-05-04,Economic Times,"Valor Estate shares hit a 20% upper circuit after the Bombay High Court ruled in its favour in a long-pending Bhayandar land dispute. The verdict removes ownership uncertainty over a key land parcel, boosting sentiment. The company is now positioned to explore development and monetisation opportunities linked to the asset.",https://economictimes.indiatimes.com/markets/stocks/news/valor-estate-shares-locked-in-20-upper-circuit-whats-behind-the-sharp-surge-today/articleshow/130772449.cms,JPM,valor estate shares locked upper circuit behind sharp surge today,valor estate shares hit upper circuit bombay high court ruled favour long pending bhayandar land dispute verdict removes ownership uncertainty key land parcel boosting sentiment company positioned explore development monetisation opportunities linked asset
Stock picks of the week: 5 stocks with consistent score improvement and upside potential of up to 31%,2026-05-04,Economic Times,"If there is no negative development over the next few days, there is unlikely to be pressure on a large part of the market. It is, in fact, likely that the Indian market will be part of any upmove that emerging markets may see if there is a decline in crude oil prices. Our selected stocks for today depict a strong upward trajectory in their overall average score which is based on five key pillars: Earnings, fundamentals, relative valuation, risk, and price momentum. This implies that there has been a significant improvement in their market outlook in the given time frame.",https://economictimes.indiatimes.com/markets/stocks/news/stock-picks-of-the-week-5-stocks-with-consistent-score-improvement-and-upside-potential-of-up-to-31/articleshow/130772442.cms,JPM,stock picks week stocks consistent score improvement upside potential up,no negative development next days unlikely pressure large part market fact likely indian market part upmove emerging markets may see decline crude oil prices selected stocks today depict strong upward trajectory overall average score based five key pillars earnings fundamentals relative valuation risk price momentum implies significant improvement market outlook given time frame
MCX shares drop 3% after Sebi chief's comments on commodity derivatives. What spooked investors?,2026-05-04,Economic Times,MCX shares fell after SEBI signalled that banks and insurers are unlikely to be allowed into commodity derivatives. SEBI chief Tuhin Kanta Pandey said the regulator won’t push the proposal with Reserve Bank of India.,https://economictimes.indiatimes.com/markets/stocks/news/mcx-shares-drop-3-after-sebi-chiefs-comments-on-commodity-derivatives-what-spooked-investors/articleshow/130774578.cms,JPM,mcx shares drop sebi chief comments commodity derivatives spooked investors,mcx shares fell sebi signalled banks insurers unlikely allowed commodity derivatives sebi chief tuhin kanta pandey said regulator push proposal reserve bank india
"Baazar Style, Senco Gold, other stocks jump up to 9% on BJP's early lead in West Bengal elections. Here's why",2026-05-04,Economic Times,"Shares of Kolkata-based companies surged after early trends in the West Bengal Assembly elections showed a strong lead for the BJP. Stocks like Baazar Style Retail, Senco Gold and CESC rallied on expectations of higher consumption and economic activity, although analysts caution that the market impact may remain short term.",https://economictimes.indiatimes.com/markets/stocks/news/baazar-style-senco-gold-other-stocks-jump-up-to-9-on-bjps-early-lead-in-west-bengal-elections-heres-why/articleshow/130780982.cms,JPM,baazar style senco gold stocks jump up bjp early lead west bengal elections,shares kolkata based companies surged early trends west bengal assembly elections showed strong lead bjp stocks like baazar style retail senco gold cesc rallied expectations higher consumption economic activity although analysts caution market impact may remain short term
Sebi-backed PaRRVA mechanism for performance validation becomes operational. Check details,2026-05-04,Economic Times,"CARE Ratings Limited and National Stock Exchange of India have launched PaRRVA, a framework to verify performance claims in the securities market. Conceptualised by Securities and Exchange Board of India, the platform aims to independently validate risk-return data and standardise disclosures for investors as market participation grows.",https://economictimes.indiatimes.com/markets/stocks/news/sebi-backed-parrva-mechanism-for-performance-validation-becomes-operational-check-details/articleshow/130781572.cms,JPM,sebi backed parrva mechanism performance validation becomes operational check details,care ratings limited national stock exchange india launched parrva framework verify performance claims securities market conceptualised securities exchange board india platform aims independently validate risk return data standardise disclosures investors market participation grows
FIIs raised stakes in 13 stocks for 4 straight quarters; 5 turned multibaggers. Do you own any?,2026-05-04,Economic Times,"Monitoring the investment activity of institutional heavyweights like Foreign Institutional Investors (FIIs) can be quite insightful, as their moves are typically backed by deep research and long-term conviction. Over the four quarters ending March 2026, foreign institutional investors steadily raised their holdings for four consecutive quarters in 49 stocks, each with a market capitalisation exceeding Rs 10,000 crore.From a price performance perspective, 29 stocks have generated double-digit gains over the past one year. Of these, 13 rallied sharply between 60% and 352%, while 5 emerged as multibaggers, more than doubling investor wealth within a year. (Data source: ACE Equity)",https://economictimes.indiatimes.com/markets/stocks/news/fiis-raised-stakes-in-13-stocks-for-4-straight-quarters-5-turned-multibaggers-do-you-own-any/slideshow/130773501.cms,JPM,fiis raised stakes stocks straight quarters turned multibaggers,monitoring investment activity institutional heavyweights like foreign institutional investors fiis quite insightful moves typically backed deep research long term conviction four quarters ending march foreign institutional investors steadily raised holdings four consecutive quarters stocks market capitalisation exceeding rs crore price performance perspective stocks generated double digit gains past one year rallied sharply emerged multibaggers doubling investor wealth within year data source ace equity
"Commodity Radar: As gold holds near Rs 1.5 lakh support, NFP data to decide next breakout. Buy-on-dips strategy emerges",2026-05-04,Economic Times,"Gold prices are consolidating near key support levels around Rs 1.5 lakh after a brief correction, with analysts recommending a buy-on-dips strategy. Market direction hinges on upcoming US Nonfarm Payrolls data, which could influence dollar strength and interest rate expectations, thereby determining gold’s next breakout or continued range-bound movement.",https://economictimes.indiatimes.com/markets/stocks/news/commodity-radar-as-gold-holds-near-rs-1-5-lakh-support-nfp-data-to-decide-next-breakout-buy-on-dips-strategy-emerges/articleshow/130782052.cms,JPM,commodity radar gold holds near rs lakh support nfp data decide next breakout buy dips strategy emerges,gold prices consolidating near key support levels around rs lakh brief correction analysts recommending buy dips strategy market direction hinges upcoming us nonfarm payrolls data could influence dollar strength interest rate expectations thereby determining gold next breakout continued range bound movement
Election impact on stock market explained: What likely BJP win in West Bengal means for investors,2026-05-04,Economic Times,"West Bengal's election results signal a significant political shift with the BJP leading, prompting a surge in market sentiment. Analysts anticipate gradual improvements and long-term benefits for sectors like real estate and infrastructure, aligning with the BJP's manifesto. However, global macro indicators remain key drivers for Indian equities.",https://economictimes.indiatimes.com/markets/stocks/news/election-impact-on-stock-market-explained-what-likely-bjp-win-in-west-bengal-means-for-investors/articleshow/130782780.cms,JPM,election impact stock market explained likely bjp win west bengal means investors,west bengal election results signal significant political shift bjp leading prompting surge market sentiment analysts anticipate gradual improvements long term benefits sectors like real estate infrastructure aligning bjp manifesto however global macro indicators remain key drivers indian equities
West Bengal election results put these 43 stocks under spotlight. Will BJP's win be a trigger?,2026-05-04,Economic Times,"Early West Bengal election trends putting BJP ahead of TMC have pushed stocks like Bandhan Bank, CESC, and Berger Paints into focus. Investors are watching potential policy shifts, though analysts say the impact will be short-lived, with broader cues such as crude oil prices likely to drive overall market sentiment.",https://economictimes.indiatimes.com/markets/stocks/news/west-bengal-election-results-outs-these-43-stocks-under-spotlight-will-bjps-win-be-a-trigger/articleshow/130766868.cms,JPM,west bengal election results put stocks spotlight bjp win trigger,early west bengal election trends putting bjp ahead tmc pushed stocks like bandhan bank cesc berger paints focus investors watching potential policy shifts though analysts say impact short lived broader cues crude oil prices likely drive overall market sentiment
How The Story Is Shifting For Customers Bancorp (CUBI) As Views On Growth And Risks Split,2026-05-03,Yahoo Finance,"Customers Bancorp’s refreshed fair value estimate now sits at US$90.00, up from US$88.73, and comes alongside Street price targets that span from US$71.00 to US$92.00. This tighter cluster reflects a tug of war between analysts who see more upside in the commercial banking story and those who are increasingly focused on funding mix, crypto related exposure, and competitive risks. Read on to see how to track these shifting views and what to watch as the narrative evolves. Analyst Price Targets...",https://finance.yahoo.com/markets/stocks/articles/story-shifting-customers-bancorp-cubi-070802171.html?.tsrc=rss,JPM,story shifting customers bancorp cubi views growth risks split,customers bancorp refreshed fair value estimate sits us up us comes alongside street price targets span us us tighter cluster reflects tug war analysts see upside commercial banking story increasingly focused funding mix crypto related exposure competitive risks read see track shifting views watch narrative evolves analyst price targets
JPMorgan resets Amazon stock price target after earnings,2026-05-03,Yahoo Finance,Amazon just posted what may be its best quarter ever. Revenue beat. Earnings nearly doubled the estimate. AWS hit its fastest growth rate in 15 quarters. And operating margins reached a level the company had never seen before. Wall Street responded quickly. Five major firms raised their Amazon ...,https://www.thestreet.com/investing/stocks/jpmorgan-resets-amazon-stock-price-target-after-earnings?.tsrc=rss,JPM,jpmorgan resets amazon stock price target earnings,amazon posted may best quarter ever revenue beat earnings nearly doubled estimate aws hit fastest growth rate quarters operating margins reached level company never seen wall street responded quickly five major firms raised amazon
How The Grupo Supervielle (BASE:SUPV) Investment Story Is Evolving With Cautious Analyst Targets,2026-05-03,Yahoo Finance,"Grupo Supervielle’s latest analyst update keeps the core Fair Value target at ARS3,351.5, while one of the higher profile calls from JPMorgan trims its international price target to US$11 from US$12. That adjustment, along with a Neutral rating, reinforces the current tone of risk calibration rather than a clear bullish or bearish message. As you read on, you will see how these shifting targets shape the story and what to watch as the narrative around the bank evolves. Stay updated as the...",https://finance.yahoo.com/markets/stocks/articles/grupo-supervielle-supv-investment-story-100911736.html?.tsrc=rss,JPM,grupo supervielle base supv investment story evolving cautious analyst targets,grupo supervielle latest analyst update keeps core fair value target ars one higher profile calls jpmorgan trims international price target us us adjustment along neutral rating reinforces current tone risk calibration rather clear bullish bearish message read see shifting targets shape story watch narrative around bank evolves stay updated
Why Are Analysts Turning Positive on Chagee Holdings Limited (CHA),2026-05-03,Yahoo Finance,"Chagee Holdings Limited (NASDAQ:CHA) is among the best Chinese stocks to buy according to hedge funds. As of April 24, Chagee Holdings Limited (NASDAQ:CHA) has a Buy rating from 75% of the analysts covering the stock, with the remaining 25% neutral, making the stock one of the best Chinese stocks to buy. Among the firms […]",https://finance.yahoo.com/markets/stocks/articles/why-analysts-turning-positive-chagee-095548201.html?.tsrc=rss,JPM,analysts turning positive chagee holdings limited cha,chagee holdings limited nasdaq cha among best chinese stocks buy according hedge funds april chagee holdings limited nasdaq cha buy rating analysts covering stock remaining neutral making stock one best chinese stocks buy among firms
5 big analyst AI moves: JPM downgrades Meta; Micron gets a fresh Street-high PT,2026-05-03,Yahoo Finance,Investing.com -- Here are the biggest analyst moves in the area of artificial intelligence (AI) for this week.,https://finance.yahoo.com/markets/stocks/articles/5-big-analyst-ai-moves-093002179.html?.tsrc=rss,JPM,big analyst ai moves jpm downgrades meta micron gets fresh street high pt,investing com biggest analyst moves area artificial intelligence ai week
Treasury Market on Watch for Shift in Yellen-Era Debt Playbook,2026-05-03,Yahoo Finance,"(Bloomberg) -- Wednesday will amount to a sort of Groundhog Day for US bond dealers, who will — as has been the case for more than a year now — be watching for any change in guidance from the Treasury in its latest plan for debt issuance.Most Read from BloombergBeijing Tells China Firms to Ignore US Sanctions on RefinersSupertanker Appears to Have Crossed the Strait of HormuzWorld’s Largest Container Carrier Plans Route Avoiding HormuzFormer NYC Mayor Giuliani in Critical Condition, Trump SaysPh",https://finance.yahoo.com/news/treasury-market-watch-shift-yellen-190001042.html?.tsrc=rss,JPM,treasury market watch shift yellen era debt playbook,bloomberg wednesday amount sort groundhog day us bond dealers case year watching change guidance treasury latest plan debt issuance read bloombergbeijing tells china firms ignore us sanctions refinerssupertanker appears crossed strait hormuzworld largest container carrier plans route avoiding hormuzformer nyc mayor giuliani critical condition trump saysph
AI Is Driving the Market: J.P. Morgan Picks 2 Stocks With Direct Exposure,2026-05-03,Yahoo Finance,"Amid ongoing macro uncertainty, Joyce Chang, Chair of Global Research at JPMorgan, says a more persistent force is shaping the market – AI. Rising investment and spending are driving earnings growth and supporting the broader market, particularly through continued buildout in data centers, cloud infrastructure, and related supply chains.Claim 55% Off TipRanksUnlock hedge fund-level data and powerful investing tools for smarter, sharper decisions Discover top-performing stock ideas and upgrade to",https://finance.yahoo.com/markets/stocks/articles/ai-driving-market-j-p-180000969.html?.tsrc=rss,JPM,ai driving market morgan picks stocks direct exposure,amid ongoing macro uncertainty joyce chang chair global research jpmorgan says persistent force shaping market ai rising investment spending driving earnings growth supporting broader market particularly continued buildout data centers cloud infrastructure related supply chains claim tipranksunlock hedge fund level data powerful investing tools smarter sharper decisions discover top performing stock ideas upgrade
Why ResMed (RMD) Narrative Is Shifting As Analysts Reassess Growth And Valuation Assumptions,2026-05-03,Yahoo Finance,"ResMed’s fair value estimate has been trimmed from US$296.53 to US$288.21, a reduction of about 2.8% that signals a more cautious stance on what analysts are willing to pay for the shares. This shift lines up with recent research where some firms have cut price targets by US$5 to US$45, while others still see room to build exposure based on their own assumptions. As you read on, you will see how to interpret these mixed signals and keep track of how the story around ResMed is...",https://finance.yahoo.com/markets/stocks/articles/why-resmed-rmd-narrative-shifting-120607255.html?.tsrc=rss,JPM,resmed rmd narrative shifting analysts reassess growth valuation assumptions,resmed fair value estimate trimmed us us reduction signals cautious stance analysts willing pay shares shift lines up recent research firms cut price targets us us others still see room build exposure based assumptions read see interpret mixed signals keep track story around resmed
Jane Fraser Turned Citigroup Inside Out. Now Comes the Hard Part.,2026-05-02,Yahoo Finance,"Under the CEO, the long-beleaguered bank is working through its 13th restructuring. Can Citi shed its longstanding reputation as the banking sector’s laggard?",https://finance.yahoo.com/m/766780ff-6704-3089-98b2-e14edab1ecfa/jane-fraser-turned-citigroup.html?.tsrc=rss,JPM,jane fraser turned citigroup inside comes hard part,ceo long beleaguered bank working th restructuring citi shed longstanding reputation banking sector laggard
Berkshire Hathaway’s Cash Surges in Abel’s First Quarter as CEO,2026-05-02,Yahoo Finance,(Bloomberg) -- Berkshire Hathaway Inc.’s cash pile soared to its highest level ever and operating earnings jumped in Greg Abel’s first quarter as chief executive officer.Most Read from BloombergSupertanker Appears to Have Crossed the Strait of HormuzBeijing Tells China Firms to Ignore US Sanctions on RefinersWorld’s Largest Container Carrier Plans Route Avoiding HormuzTrump Casts Doubts on Iran Peace Proposal as Details EmergePhilippines Says Thousands Evacuated as Mayon Volcano EruptsAfter a sl,https://finance.yahoo.com/news/berkshire-hathaways-cash-surges-in-abels-first-quarter-as-ceo-143038277.html?.tsrc=rss,JPM,berkshire hathaway cash surges abel first quarter ceo,bloomberg berkshire hathaway inc cash pile soared highest level ever operating earnings jumped greg abel first quarter chief executive officer read bloombergsupertanker appears crossed strait hormuzbeijing tells china firms ignore us sanctions refinersworld largest container carrier plans route avoiding hormuztrump casts doubts iran peace proposal details emergephilippines says thousands evacuated mayon volcano eruptsafter sl
"Villere St Denis Dumps 134,000 Tidewater (TDW) Shares Worth $9.3 Million",2026-05-02,Yahoo Finance,"Specializing in offshore marine support, Tidewater serves global energy clients across oil, gas, and windfarm projects.",https://www.fool.com/coverage/filings/2026/05/02/villere-st-denis-dumps-134-000-tidewater-tdw-shares-worth-usd9-3-million/?.tsrc=rss,JPM,villere st denis dumps tidewater tdw shares worth million,specializing offshore marine support tidewater serves global energy clients across oil gas windfarm projects
Should FactSet’s Whole Portfolio Distribution Launch and Guidance Hike Require Action From FactSet Research Systems (FDS) Investors?,2026-05-02,Yahoo Finance,"In late April 2026, FactSet Research Systems and J.P. Morgan launched the industry’s first Whole Portfolio Distribution solution on Fusion, giving institutional investors an automated, unified view of multi-asset portfolios, while FactSet also reported Q2 fiscal 2026 results that exceeded consensus estimates and raised its full-year revenue and earnings guidance. These developments, alongside FactSet’s expanding set of AI-driven analytics and reporting tools, highlight how the company is...",https://finance.yahoo.com/markets/stocks/articles/factset-whole-portfolio-distribution-launch-171419674.html?.tsrc=rss,JPM,factset whole portfolio distribution launch guidance hike require action factset research systems fds investors,late april factset research systems morgan launched industry first whole portfolio distribution solution fusion giving institutional investors automated unified view multi asset portfolios factset also reported fiscal results exceeded consensus estimates raised full year revenue earnings guidance developments alongside factset expanding set ai driven analytics reporting tools highlight company
Corporate America Earnings Beat Back Wall Street’s Wall of Worry,2026-05-02,Yahoo Finance,"(Bloomberg) -- First-quarter earnings season is delivering Wall Street better-than-expected results, propelling US equities’ run from one record to the next.Most Read from BloombergSupertanker Appears to Have Crossed the Strait of HormuzBeijing Tells China Firms to Ignore US Sanctions on RefinersWorld’s Largest Container Carrier Plans Route Avoiding HormuzPhilippines Says Thousands Evacuated as Mayon Volcano EruptsTrump Casts Doubts on Iran Peace Proposal as Details EmergeAs earnings wind down f",https://finance.yahoo.com/markets/stocks/articles/corporate-america-earnings-beat-back-130000785.html?.tsrc=rss,JPM,corporate america earnings beat back wall street wall worry,bloomberg first quarter earnings season delivering wall street better expected results propelling us equities run one record next read bloombergsupertanker appears crossed strait hormuzbeijing tells china firms ignore us sanctions refinersworld largest container carrier plans route avoiding hormuzphilippines says thousands evacuated mayon volcano eruptstrump casts doubts iran peace proposal details emergeas earnings wind down
Jamie Dimon says the next credit crisis will be 'worse than people expect' — here's what big bank earnings have revealed,2026-05-02,Yahoo Finance,"The banks did well in Q1 of 2026, but JPMorgan Chase's CEO warns the next credit cycle might not be so kind.",https://finance.yahoo.com/economy/policy/articles/jamie-dimon-says-next-credit-111500903.html?.tsrc=rss,JPM,jamie dimon says next credit crisis worse people expect big bank earnings revealed,banks well jpmorgan chase ceo warns next credit cycle might not kind
Saudi Arabia Set for Oil Windfall After Hormuz Boosts Prices,2026-05-02,Yahoo Finance,"(Bloomberg) -- The blockade of the Strait of Hormuz is creating an economic split among oil exporters in the Persian Gulf, with Saudi Arabia and Oman set for a windfall and others including the United Arab Emirates seeing a drop in petrodollar income.Most Read from BloombergSupertanker Appears to Have Crossed the Strait of HormuzBeijing Tells China Firms to Ignore US Sanctions on RefinersWorld’s Largest Container Carrier Plans Route Avoiding HormuzPhilippines Says Thousands Evacuated as Mayon Vo",https://finance.yahoo.com/news/saudi-arabia-set-oil-windfall-085750493.html?.tsrc=rss,JPM,saudi arabia set oil windfall hormuz boosts prices,bloomberg blockade strait hormuz creating economic split among oil exporters persian gulf saudi arabia oman set windfall others including united arab emirates seeing drop petrodollar income read bloombergsupertanker appears crossed strait hormuzbeijing tells china firms ignore us sanctions refinersworld largest container carrier plans route avoiding hormuzphilippines says thousands evacuated mayon vo
Breaking Down the Viral JPMorgan Harassment Lawsuit Scandal,2026-05-01,Us Weekly,"Banking institution JPMorgan Chase is at the center of a sexual harassment lawsuit. Senior executive Lorna Hajdini was named in an April 2026 lawsuit, where she was accused of sexual abuse and making an anonymous coworker her “sex slave.” She vehemently denie…",https://www.usmagazine.com/celebrity-news/news/breaking-down-viral-jpmorgan-harassment-lawsuit-scandal/,JPM,breaking down viral jpmorgan harassment lawsuit scandal,banking institution jpmorgan chase center sexual harassment lawsuit senior executive lorna hajdini named april lawsuit accused sexual abuse making anonymous coworker sex slave vehemently denie
FEDS Note: Banks in the Age of Stablecoins: Lessons from Their Historical Responses to Financial Innovations,2026-05-01,Federalreserve.gov,"Sam Hempel, JP Perez-Sangimino, and Jessie Jiaxu WangThe expansion of stablecoins has moved digital payment tokens from the periphery of financial markets to the center of policy discussions. With a global market capitalization in the mid-hundreds of billions…",https://www.federalreserve.gov/econres/notes/feds-notes/banks-in-the-age-of-stablecoins-lessons-from-their-historical-responses-to-financial-innovations-20260501.html,JPM,feds note banks age stablecoins lessons historical responses financial innovations,sam hempel jp perez sangimino jessie jiaxu wangthe expansion stablecoins moved digital payment tokens periphery financial markets center policy discussions global market capitalization mid hundreds billions
How The Amphenol (APH) Investment Narrative Is Shifting With New Targets And Fair Value Assumptions,2026-05-01,Yahoo Finance,"Amphenol’s updated fair value estimate now stands at US$178.39 per share, compared with the previous US$169.44, putting fresh focus on where price targets are settling. Recent Street research has split between analysts raising targets on confidence in execution and those trimming or tempering shorter term conviction after reassessing growth and margin assumptions. As you read on, you will see how these moves fit together and what to watch to keep up with the evolving story around the...",https://finance.yahoo.com/markets/stocks/articles/amphenol-aph-investment-narrative-shifting-221737877.html?.tsrc=rss,JPM,amphenol aph investment narrative shifting new targets fair value assumptions,amphenol updated fair value estimate stands us per share compared previous us putting fresh focus price targets settling recent street research split analysts raising targets confidence execution trimming tempering shorter term conviction reassessing growth margin assumptions read see moves fit together watch keep up evolving story around
"JPMorganChase Files Form 10-Q for the Quarter Ended March 31, 2026",2026-05-01,Yahoo Finance,"NEW YORK, May 01, 2026--JPMorgan Chase & Co. (NYSE: JPM) (""JPMorganChase"" or the ""Firm"") has filed its Quarterly Report on Form 10-Q for the quarter ended March 31, 2026 with the SEC. The report is available on the SEC's website at https://www.sec.gov and will be available on the Firm's Investor Relations website at https://www.jpmorganchase.com/ir under SEC Filings & Other Disclosures.",https://finance.yahoo.com/markets/stocks/articles/jpmorganchase-files-form-10-q-202800481.html?.tsrc=rss,JPM,jpmorganchase files form quarter ended march,new york may jpmorgan chase co nyse jpm jpmorganchase firm filed quarterly report form quarter ended march sec report available sec website available firm investor relations website sec filings disclosures
Gold Notches Second Weekly Loss as US-Iran Talks Hang in Limbo,2026-05-01,Yahoo Finance,(Bloomberg) -- Gold steadied as traders digested the latest developments in the standoff between the US and Iran that’s heightened inflation risks and dashed hopes for rate cuts from central banks across the world.Most Read from BloombergSupertanker Appears to Have Crossed the Strait of HormuzWorld’s Largest Container Carrier Plans Route Avoiding HormuzBeijing Tells China Firms to Ignore US Sanctions on RefinersPhilippines Says Thousands Evacuated as Mayon Volcano EruptsIran Juggles Oil Cuts and,https://finance.yahoo.com/markets/commodities/articles/gold-steady-dollar-weakens-reports-060505755.html?.tsrc=rss,JPM,gold notches second weekly loss us iran talks hang limbo,bloomberg gold steadied traders digested latest developments standoff us iran heightened inflation risks dashed hopes rate cuts central banks across world read bloombergsupertanker appears crossed strait hormuzworld largest container carrier plans route avoiding hormuzbeijing tells china firms ignore us sanctions refinersphilippines says thousands evacuated mayon volcano eruptsiran juggles oil cuts
"Q4 results highlights today: Adani Enterprises posts ₹221 crore loss; Adani Ports, Bajaj Finserv, Cholamandalam, HUL rise; Go Fashion, Nalco fall",2026-04-30,BusinessLine,"Q4 Results Highlights Today, 30th April 2026: Find all the latest Q4 results 2026 updates of 5paisa Capital, ACC, Acutaas Chemicals, Adani Ports and Special Economic Zone, Aster DM Healthcare, Bajaj Finserv, Bhagyanagar India, Central Bank of India, Capri Glo…",https://www.thehindubusinessline.com/markets/q4-results-highlights-today-hindustan-unilever-adani-ports-bajaj-finserv-cholamandalam-mazagon-dock-indus-tower-idbi-laurus-labs-newgen-vedana-bajaj-finance-waaree-results-30-april-2026/article70920174.ece,JPM,results highlights today adani enterprises posts crore loss adani ports bajaj finserv cholamandalam hul rise go fashion nalco fall,results highlights today th april find latest results updates paisa capital acc acutaas chemicals adani ports special economic zone aster dm healthcare bajaj finserv bhagyanagar india central bank india capri glo
A digestive cartridge reduces intestinal injury in a murine model of necrotizing enterocolitis,2026-04-30,Plos.org,"Background Formula feeding is associated with necrotizing enterocolitis (NEC), a life-threatening gastrointestinal illness affecting premature infants. The presence of undigested fat in enteral formula may mediate NEC severity. The immobilized lipase cartridg…",https://journals.plos.org/plosone/article?id=10.1371/journal.pone.0348200,JPM,digestive cartridge reduces intestinal injury murine model necrotizing enterocolitis,background formula feeding associated necrotizing enterocolitis nec life threatening gastrointestinal illness affecting premature infants presence undigested fat enteral formula may mediate nec severity immobilized lipase cartridg
"Sensex today | Stock Market Highlights: Sensex, Nifty close in red as market breadth turns sharply negative",2026-04-30,BusinessLine,"Sensex Today, Nifty 50 | Stock Market Highlights: Indian benchmark indices ended sharply lower on Thursday amid heightened volatility driven by surging crude oil prices and escalating geopolitical tensions. The BSE Sensex fell 582.86 points to close at 76,913…",https://www.thehindubusinessline.com/markets/sensex-nifty50-today-stock-market-highlights-30th-april-2026/article70920520.ece,JPM,sensex today stock market highlights sensex nifty close red market breadth turns sharply negative,sensex today nifty stock market highlights indian benchmark indices ended sharply lower thursday amid heightened volatility driven surging crude oil prices escalating geopolitical tensions bse sensex fell points close
JPM Stock In Focus After Massive European Growth Initiative,2026-04-30,Yahoo Entertainment,"With stock buybacks of $27.63 billion in the 12 months through September 2025, JPMorgan Chase & Co. (NYSE:JPM) is among the 20 Stocks with the Biggest Share ...",https://finance.yahoo.com/markets/stocks/articles/jpm-stock-focus-massive-european-091637791.html,JPM,jpm stock focus massive european growth initiative,stock buybacks billion months september jpmorgan chase co nyse jpm among stocks biggest share
"Q4 Results Today Live: Hindustan Unilever, Adani Ports, Bajaj Finserv, Cholamandalam Investment, Mazagon Dock, Indus Tower, IDBI Bank, Laurus Labs, Newgen Software to announce Q4 results, Vedanta, Bajaj Finance, KFin, IOB, Waaree Energies in focus",2026-04-30,BusinessLine,"Q4 Results Today, 30th April 2026 Live Updates: Find all the latest Q4 results 2026 updates of 5paisa Capital, ACC, Acutaas Chemicals, Adani Ports and Special Economic Zone, Aster DM Healthcare, Bajaj Finserv, Bhagyanagar India, Central Bank of India, Capri G…",https://www.thehindubusinessline.com/markets/q4-results-today-live-updates-hindustan-unilever-adani-ports-bajaj-finserv-cholamandalam-mazagon-dock-indus-tower-idbi-laurus-labs-newgen-vedana-bajaj-finance-waaree-results-30-april-2026/article70920174.ece,JPM,results today live hindustan unilever adani ports bajaj finserv cholamandalam investment mazagon dock indus tower idbi bank laurus labs newgen software announce results vedanta bajaj finance kfin iob waaree energies focus,results today th april live updates find latest results updates paisa capital acc acutaas chemicals adani ports special economic zone aster dm healthcare bajaj finserv bhagyanagar india central bank india capri
JPMorganChase Named First-Ever Global Banking Partner of the Olympic Games,2026-04-30,Antaranews.com,"-The International Olympic Committee (IOC) and JPMorganChase today announced a landmark Worldwide Olympic Partnership, making JPMorganChase the first Global ...",https://en.antaranews.com/news/414135/jpmorganchase-named-first-ever-global-banking-partner-of-the-olympic-games,JPM,jpmorganchase named first ever global banking partner olympic games,international olympic committee ioc jpmorganchase today announced landmark worldwide olympic partnership making jpmorganchase first global
"DeFi shaken by $292 million hack, but showing resilience, Standard Chartered says",2026-04-29,CoinDesk,The AAVE-led response and new safeguards underscore the sector's maturity as the bank maintains its $2 trillion RWA outlook.,https://www.coindesk.com/business/2026/04/29/defi-shaken-by-usd292-million-hack-but-showing-resilience-standard-chartered-says,JPM,defi shaken million hack showing resilience standard chartered says,aave led response new safeguards underscore sector maturity bank maintains trillion rwa outlook
"Sensex today | Stock Market Highlights: Sensex settled with 609.45 pts or 0.79% gains at 77,496.36, and Nifty 50 was up 181.95 pts or 0.76% to 24,177.65.",2026-04-29,BusinessLine,"Sensex Today, Nifty 50 | Stock Market Highlights - Find here all the highlights related to Sensex, Nifty, BSE, NSE, share prices and Indian stock markets for 29 April 2026",https://www.thehindubusinessline.com/markets/sensex-nifty50-today-stock-market-highlights-29th-april-2026/article70916125.ece,JPM,sensex today stock market highlights sensex settled pts gains nifty up pts,sensex today nifty stock market highlights find highlights related sensex nifty bse nse share prices indian stock markets april
CORRECTION -- JPMorgan ETFs (Ireland) ICAV: Liquidation Announcement,2026-04-29,GlobeNewswire,The following amendment has been made to the replacement 'Liquidation' announcement released on 20 April 2026.  A table including all impacted share...,https://www.globenewswire.com/news-release/2026/04/29/3283727/0/en/CORRECTION-JPMorgan-ETFs-Ireland-ICAV-Liquidation-Announcement.html,JPM,correction jpmorgan etfs ireland icav liquidation announcement,following amendment made replacement liquidation announcement released april table including impacted share
"Volvo Cars' Q1 profit falls less than expected, says the US worse than expected",2026-04-29,Yahoo Entertainment,"(Corrects to remove Reuters instrument code for Geely Holding in paragraph 2)  STOCKHOLM, April 29 (Reuters) - Sweden-based Volvo Cars reported on Wednesday ...",https://finance.yahoo.com/news/volvo-cars-operating-profit-falls-050925423.html,JPM,volvo cars profit falls less expected says us worse expected,corrects remove reuters instrument code geely holding paragraph stockholm april reuters sweden based volvo cars reported wednesday
Freeport-McMoRan Stock Outlook: Is Wall Street Bullish or Bearish?,2026-04-29,Barchart.com,"Freeport-McMoRan has outperformed the broader market over the past year, and analysts are highly optimistic about the stock’s prospects.",https://www.barchart.com/story/news/1591016/freeport-mcmoran-stock-outlook-is-wall-street-bullish-or-bearish,JPM,freeport mcmoran stock outlook wall street bullish bearish,freeport mcmoran outperformed broader market past year analysts highly optimistic stock prospects
57% of Americans Say Their Portfolios Are Too Complex to Manage Alone,2026-04-29,24/7 Wall St.,A Charles Schwab Modern Wealth Survey 2025 finding that 57% of Americans agree modern investment portfolios are more sophisticated and require more...,https://247wallst.com/personal-finance/2026/04/29/57-of-americans-say-their-portfolios-are-too-complex-to-manage-alone/,JPM,americans say portfolios complex manage alone,charles schwab modern wealth survey finding americans agree modern investment portfolios sophisticated require
Stalemate in USA-Iran Conflict Continues,2026-04-29,Rigzone,"The stalemate in the U.S.-Iran conflict has continued for a further week with no clear resolutions on either side, Standard Chartered Bank Head of Energy Research Emily Ashford said.",https://www.rigzone.com/news/stalemate_in_usairan_conflict_continues-29-apr-2026-183567-article/,JPM,stalemate usa iran conflict continues,stalemate iran conflict continued week no clear resolutions either side standard chartered bank head energy research emily ashford said
JPMorgan’s Dimon Warns Again on Risks of Credit Downturn - Bloomberg.com,2026-04-28,Slashdot.org,JPMorgan’s Dimon Warns Again on Risks of Credit DownturnBloomberg.com Jamie Dimon warns of 'some kind of bond crisis' ahead as global debt risks buildCNBC Jamie Dimon shrugs off inflation concerns but says he worried about stagflation risksNew York Post JPMor…,https://slashdot.org/firehose.pl?op=view&amp;id=183030090,JPM,jpmorgan dimon warns risks credit downturn bloomberg com,jpmorgan dimon warns risks credit downturnbloomberg com jamie dimon warns kind bond crisis ahead global debt risks buildcnbc jamie dimon shrugs inflation concerns says worried stagflation risksnew york post jpmor
"Q4 Results Highlights Today: AWL Agri, Eternal and Leela Palaces post Q4 profit rise; Maruti Suzuki, REC, Dalmia Bharat see decline",2026-04-28,BusinessLine,"Q4 Results Today, 28th April 2026 Highlights: Find all the latest Q4 results 2026 updates of Apt Packaging Ltd, Artson Ltd, AWL Agri Business Ltd, Bandhan Bank Ltd, Brigade Hotel Ventures Ltd, Canara HSBC Life Insurance Company Ltd, Castrol India Ltd, Consoli…",https://www.thehindubusinessline.com/markets/q4-results-highlights-today-awl-agri-eternal-leela-palaces-q4-profit-rise-maruti-suzuki-rec-dalmia-bharat-decline/article70911744.ece,JPM,results highlights today awl agri eternal leela palaces post profit rise maruti suzuki rec dalmia bharat see decline,results today th april highlights find latest results updates apt packaging ltd artson ltd awl agri business ltd bandhan bank ltd brigade hotel ventures ltd canara hsbc life insurance company ltd castrol india ltd consoli
OpenAI CFO reportedly at odds with Sam Altman over missed revenue target—even as AI capex is set to hit $660 billion,2026-04-28,Fortune,Everything you need to know before you reach the office this morning.,https://fortune.com/2026/04/28/openai-cfo-sam-altman-missed-revenue-target/,JPM,openai cfo reportedly odds sam altman missed revenue target even ai capex set hit billion,everything need know reach office morning
Jim Cramer Shares Why JPMorgan’s (JPM) Conference Wasn’t Great,2026-04-27,Yahoo Entertainment,,https://consent.yahoo.com/v2/collectConsent?sessionId=1_cc-session_09a067d7-23e4-466b-bc06-cfd82f539b96,JPM,jim cramer shares jpmorgan jpm conference great,
Mike、村上にブチ切れwwwwwwwwww wwwwwwwwww wwwwwwwwww wwwwwwwwww wwwwwwwwww,2026-04-27,Livedoor.jp,"1 ：名無し 2026/04/27(月) 19:34:20.401 ID:OWDOTA17P



2 ：名無し 2026/04/27(月) 19:34:30.435 ID:OWDOTA17P

 https://video.twimg.com/amplify_video/2048494160739803136/vid/avc1/1920x1080/Yd6M3vpkLglsJa6v.mp4?tag=21 

3 ：名無し 2026/04/27(月) 19:35:12.940 ...",http://blog.livedoor.jp/nanjstu/archives/63172259.html,JPM,mike wwwwwwwwww wwwwwwwwww wwwwwwwwww wwwwwwwwww wwwwwwwwww,id owdota id owdota
"Nvidia’s (NVDA) Explosive Run May See Limits Going Forward, Warns JPMorgan",2026-04-27,Yahoo Entertainment,"Chipmaker Nvidia (NVDA) has seen a strong rally recently, but not everyone on Wall Street believes it can keep going at the same pace. Indeed, JPMorgan (JPM)...",https://finance.yahoo.com/markets/stocks/articles/nvidia-nvda-explosive-run-may-225206639.html,JPM,nvidia nvda explosive run may see limits going forward warns jpmorgan,chipmaker nvidia nvda seen strong rally recently not everyone wall street believes keep going pace indeed jpmorgan jpm
Is U.S. Bancorp (USB) A Good Stock To Buy Now?,2026-04-26,Yahoo Entertainment,"Is USB a good stock to buy? We came across a bullish thesis on U.S. Bancorp on Danny’s Substack by Danny Green. In this article, we will summarize the bulls’...",https://finance.yahoo.com/markets/stocks/articles/u-bancorp-usb-good-stock-194921215.html,JPM,bancorp usb good stock buy,usb good stock buy came across bullish thesis bancorp danny substack danny green article summarize bulls
Spider-Man/Superman Tops The Bleeding Cool Weekly Bestseller List,2026-04-25,Bleeding Cool News,"All-New All-Spectacular Spider-Man/Superman #1 sold three times what Absolute Wonder Woman #19 did this week, and four times what the regular Amazing Spider-Man #27 did. And it costs almost twice as much as they do. Corpse Knight #1 was a very strong launch f…",https://bleedingcool.com/comics/spider-man-superman-tops-the-bleeding-cool-weekly-bestseller-list/,JPM,spider man superman tops bleeding cool weekly bestseller list,new spectacular spider man superman sold three times absolute wonder woman week four times regular amazing spider man costs almost twice much corpse knight strong launch
"Aluminum Market Faces Largest Supply Shock Since 2000, Mercuria Warns",2026-04-24,OilPrice.com,"Analysts at Mercuria, the Geneva-based Swiss commodities trading firm, are sounding the alarm on the global aluminum market after severe disruptions in the Gulf region, adding to a growing list of trading desks and research teams warning of a deepening supply…",https://oilprice.com/Energy/Energy-General/Aluminum-Market-Faces-Largest-Supply-Shock-Since-2000-Mercuria-Warns.html,JPM,aluminum market faces largest supply shock since mercuria warns,analysts mercuria geneva based swiss commodities trading firm sounding alarm global aluminum market severe disruptions gulf region adding growing list trading desks research teams warning deepening supply
JPMorgan says persistent security flaws curb DeFi’s institutional appeal,2026-04-23,CoinDesk,"A $20 billion hit from the KelpDAO exploit highlights systemic risks, while flat ETH-denominated growth and a shift to stablecoins point to ongoing fragility in DeFi.",https://www.coindesk.com/tech/2026/04/23/jpmorgan-says-persistent-security-flaws-curb-defi-s-institutional-appeal,JPM,jpmorgan says persistent security flaws curb defi institutional appeal,billion hit kelpdao exploit highlights systemic risks flat eth denominated growth shift stablecoins point ongoing fragility defi
"Stock Market Highlights: Sensex, Nifty close in the red amid firm trend in crude oil prices",2026-04-23,BusinessLine,"Sensex, Nifty, Share Prices Update: Sensex closed 852 points or 1.09 per cent lower at 77,664, while the Nifty ended at 24,173,down 205 points or 0.84 per cent lower",https://www.thehindubusinessline.com/markets/stock-market-nifty-sensex-highlights-23rd-april-2026/article70895504.ece,JPM,stock market highlights sensex nifty close red amid firm trend crude oil prices,sensex nifty share prices update sensex closed points per cent lower nifty ended down points per cent lower
Evercore ISI Boosts JPMorgan Chase & Co. (JPM) Valuation to $340 on Exceptional Q1 Performance,2026-04-23,Yahoo Entertainment,,https://consent.yahoo.com/v2/collectConsent?sessionId=1_cc-session_d82eb464-e07f-40f1-8675-ac044cf2b74a,JPM,evercore isi boosts jpmorgan chase co jpm valuation exceptional performance,
JPMorgan Chase & Co. (JPM) Closing in on Record $38B Oracle Data Center Loan,2026-04-22,Yahoo Entertainment,"JPMorgan Chase & Co. (NYSE:JPM) is one of the top S&P 500 stocks by index weight. On April 15, JPMorgan Chase & Co. (NYSE:JPM) and Mitsubishi UFJ Financial...",https://finance.yahoo.com/markets/stocks/articles/jpmorgan-chase-co-jpm-closing-224326784.html,JPM,jpmorgan chase co jpm closing record oracle data center loan,jpmorgan chase co nyse jpm one top stocks index weight april jpmorgan chase co nyse jpm mitsubishi ufj financial
"Wolfe Research Bullish on The Home Depot, Inc. (HD) Despite Market Downturn",2026-04-22,Yahoo Entertainment,"The Home Depot, Inc. (NYSE:HD) is one of the top S&P 500 stocks by index weight. On April 9, Wolfe Research reiterated an Outperform rating on The Home Depot...",https://finance.yahoo.com/markets/stocks/articles/wolfe-research-bullish-home-depot-215639491.html,JPM,wolfe research bullish home depot inc hd despite market downturn,home depot inc nyse hd one top stocks index weight april wolfe research reiterated outperform rating home depot
